1001,Charmaine,Ramsey,CharmaineRamsey@gmail.com
1002,Cody,Freeman,CodyFreeman@gmail.com
1003,Ava-Mai,Hills,AvaMaiHills@gmail.com
1004,Luis,Morales,LuisMorales@gmail.com
1005,Arissa ,Barron,ArissaBarron@gmail.com
1006,Shayne,Hall,ShayneHall@gmail.com
1007,Luke,WainWright,LukeWainWright@gmail.com
1008,Elizabeth,Velez,ElizabethVelez@gmail.com
1009,Ray,Roth,RayRoth@gmail.com
1010,Briony,Hines,BrionyHines@gmail.com
1011,Cletis,Jeacop,cjeacop0@flickr.com
1012,Omero,Elleton,oelleton1@gnu.org
1013,Missy,O'Flannery,moflannery2@squarespace.com
1014,Byron,Stack,bstack3@boston.com
1015,Myca,Riddall,mriddall4@github.com
1016,Maribeth,Mangham,mmangham5@aboutads.info
1017,Shaughn,Selby,sselby6@chicagotribune.com
1018,Daron,Beattie,dbeattie7@yandex.ru
1019,Dominique,Micklewright,dmicklewright8@weather.com
1020,Zenia,Dosedale,zdosedale9@va.gov
1021,Judie,Matula,jmatulaa@opera.com
1022,Bobbee,Melbourne,bmelbourneb@topsy.com
1023,Maryrose,Rowlands,mrowlandsc@timesonline.co.uk
1024,Nevins,Wildey,nwildeyd@berkeley.edu
1025,Melisent,Goublier,mgoubliere@salon.com
1026,Scotty,Chaudhry,schaudhryf@nih.gov
1027,Agnola,Budge,abudgeg@vimeo.com
1028,Jaquenetta,Scartifield,jscartifieldh@unesco.org
1029,Betteann,Flewan,bflewani@upenn.edu
1030,Fax,Beauvais,fbeauvaisj@upenn.edu
